snapshot,rho_mse,rhou_mse,rhov_mse,E_mse,total_mse_sum
snapshot_1,0.0,2.2413600301674035e-27,2.0426788745602906e-25,0.0,2.0650924748619647e-25
snapshot_2,0.0,2.5877209847432798e-27,3.452124596179125e-27,0.0,6.039845580922405e-27
snapshot_3,0.0,0.0,2.155129850260027e-28,0.0,2.155129850260027e-28
snapshot_4,0.0,0.0,4.390832323281302e-28,0.0,4.390832323281302e-28
snapshot_5,0.0,0.0,2.2709050478126065e-28,0.0,2.2709050478126065e-28
