n,nx,ny,total_cells,total_steps,main_loop_time,boundary_time,compute_dt_time,advance_time,total_program_time,avg_time_per_step
1,500,197,98500,6359,0.894690,0.144195,0.153079,0.596756,3.578832,0.000141
2,1000,394,394000,13440,3.564260,0.317760,0.467353,2.777754,7.251926,0.000265
4,2000,788,1576000,27955,20.705558,0.679408,2.035962,17.987298,24.022310,0.000741
8,4000,1576,6304000,57314,145.840414,1.444917,12.906463,131.483006,149.778320,0.002545
