n,nx,ny,total_cells,total_steps,main_loop_time,boundary_time,compute_dt_time,advance_time,total_program_time,avg_time_per_step
1,500,197,98500,6359,0.862666,0.143029,0.153869,0.565114,1.152488,0.000136
2,1000,394,394000,13440,3.145962,0.319941,0.464728,2.359909,3.442751,0.000234
4,2000,788,1576000,27955,17.787595,0.687740,2.075823,15.021148,20.450806,0.000636
8,4000,1576,6304000,57314,124.566689,1.452843,11.629104,111.478803,124.954185,0.002173
