n,nx,ny,total_cells,total_steps,main_loop_time,boundary_time,compute_dt_time,advance_time,total_program_time,avg_time_per_step
1,500,197,98500,6359,2.887036,0.000000,2.426284,0.453395,3.193230,0.000454
2,1000,394,394000,13440,13.437012,0.000000,10.512730,2.908909,13.745894,0.001000
4,2000,788,1576000,27955,82.457529,0.000000,59.702461,22.722380,82.833846,0.002950
8,4000,1576,6304000,57314,796.960554,0.000000,616.165889,180.720372,797.358109,0.013905
