n,nx,ny,total_cells,total_steps,main_loop_time,boundary_time,compute_dt_time,advance_time,total_program_time,avg_time_per_step
1,500,197,98500,6359,3.023922,0.000041,2.426322,0.590400,3.330365,0.000476
2,1000,394,394000,13440,13.458389,0.000050,10.202632,3.239600,13.765477,0.001001
4,2000,788,1576000,27955,81.796314,0.000058,58.652992,23.108526,82.125233,0.002926
8,4000,1576,6304000,57314,842.968652,0.000065,663.449751,179.435420,843.379865,0.014708
