case,solver,snapshot,mse_all_fields,mse_rho,mse_rhou,mse_rhov,mse_E
shock_bubble,hll,1,9.35930411197102e-28,0.0,3.516232688398457e-27,2.274889563899509e-28,0.0
shock_bubble,hll,2,3.5564527795587965e-27,0.0,9.835269427182356e-27,4.390541691052833e-27,0.0
shock_bubble,hll,3,9.343538372848596e-29,0.0,0.0,3.7374153491394374e-28,0.0
shock_bubble,hll,4,2.5369468043782107e-28,0.0,0.0,1.0147787217512843e-27,0.0
shock_bubble,hll,5,1.2253792481313317e-27,0.0,0.0,4.901516992525327e-27,0.0
