case,solver,snapshot,mse_all_fields,mse_rho,mse_rhou,mse_rhov,mse_E
blast_wave,force,1,2.942165637404629e-35,0.0,5.957313584358219e-35,5.811348965260297e-35,0.0
blast_wave,force,2,1.6884113927136838e-33,0.0,1.7675115043128914e-33,4.986134066541844e-33,0.0
blast_wave,force,3,4.299801432106421e-34,0.0,4.4346834666722057e-35,1.6755737381758466e-33,0.0
blast_wave,force,4,0.0,0.0,0.0,0.0,0.0
blast_wave,force,5,0.0,0.0,0.0,0.0,0.0
