case,solver,snapshot,mse_all_fields,mse_rho,mse_rhou,mse_rhov,mse_E
shock_bubble,force,1,6.296539440983729e-28,0.0,2.309587844571614e-28,2.2876569919363297e-27,0.0
shock_bubble,force,2,5.1032807827092954e-24,0.0,2.0308248498293966e-23,1.0487463254320963e-25,0.0
shock_bubble,force,3,1.5475048676098397e-29,0.0,0.0,6.190019470439359e-29,0.0
shock_bubble,force,4,3.7263332473038547e-29,0.0,0.0,1.490533298921542e-28,0.0
shock_bubble,force,5,3.5795754729391054e-28,0.0,0.0,1.4318301891756416e-27,0.0
