case,solver,snapshot,mse_all_fields,mse_rho,mse_rhou,mse_rhov,mse_E
shock_bubble,hllc,1,1.1896449160071996e-27,0.0,1.3925777254012549e-27,3.3660019386275435e-27,0.0
shock_bubble,hllc,2,5.240345279847141e-26,0.0,2.0671452707042148e-25,2.8992841234641266e-27,0.0
shock_bubble,hllc,3,1.4882340408433818e-28,0.0,0.0,5.952936163373525e-28,0.0
shock_bubble,hllc,4,2.2991735973612192e-28,0.0,0.0,9.196694389444879e-28,0.0
shock_bubble,hllc,5,3.8663103018460256e-28,0.0,0.0,1.5465241207384102e-27,0.0
