case,solver,snapshot,mse_all_fields,mse_rho,mse_rhou,mse_rhov,mse_E
blast_wave,exact,1,8.438593559903246e-34,0.0,9.536621605503874e-35,3.2800712079062604e-33,0.0
blast_wave,exact,2,1.706453903239106e-33,0.0,1.8383267294557398e-33,4.987488883500683e-33,0.0
blast_wave,exact,3,4.385431885723226e-34,0.0,8.426664937863358e-35,1.6699061049106565e-33,0.0
blast_wave,exact,4,0.0,0.0,0.0,0.0,0.0
blast_wave,exact,5,0.0,0.0,0.0,0.0,0.0
