case,solver,snapshot,mse_all_fields,mse_rho,mse_rhou,mse_rhov,mse_E
shock_bubble,exact,1,5.078345641228583e-24,0.0,2.0311041836520263e-23,2.3407283940681554e-27,0.0
shock_bubble,exact,2,2.8023887553805736e-26,0.0,5.669575931231249e-27,1.064259742839917e-25,0.0
shock_bubble,exact,3,2.526619061518176e-28,0.0,0.0,1.0106476246072704e-27,0.0
shock_bubble,exact,4,5.867939129025505e-28,0.0,0.0,2.3471756516102017e-27,0.0
shock_bubble,exact,5,2.53807113560867e-20,0.0,0.0,1.0152284542434676e-19,0.0
