case,solver,snapshot,mse_all_fields,mse_rho,mse_rhou,mse_rhov,mse_E
blast_wave,hll,1,9.372226913503225e-34,0.0,1.673936630503587e-33,2.0749541348977022e-33,0.0
blast_wave,hll,2,3.142195418611687e-32,0.0,1.2100107345763414e-31,4.686743286833329e-33,0.0
blast_wave,hll,3,8.248908453357582e-34,0.0,1.6568660938312782e-33,1.6426972875117547e-33,0.0
blast_wave,hll,4,0.0,0.0,0.0,0.0,0.0
blast_wave,hll,5,0.0,0.0,0.0,0.0,0.0
