case,solver,snapshot,mse_all_fields,mse_rho,mse_rhou,mse_rhov,mse_E
blast_wave,hllc,1,1.3005127394032938e-33,0.0,2.4480036244969835e-34,4.957250595163479e-33,0.0
blast_wave,hllc,2,1.7014045666642964e-33,0.0,1.7931387432093154e-33,5.0124795234478686e-33,0.0
blast_wave,hllc,3,4.516257191396235e-34,0.0,1.6799399486473507e-33,1.2656292791114418e-34,0.0
blast_wave,hllc,4,0.0,0.0,0.0,0.0,0.0
blast_wave,hllc,5,0.0,0.0,0.0,0.0,0.0
