snapshot,rho_mse,rhou_mse,rhov_mse,E_mse,total_mse_sum
snapshot_1,0.0,2.4319227884175378e-33,9.788835036915193e-33,0.0,1.222075782533273e-32
snapshot_2,0.0,2.0310430866030858e-29,1.0466752971303403e-32,0.0,2.032089761900216e-29
snapshot_3,0.0,8.453258375929095e-33,1.2283317917925425e-31,0.0,1.3128643755518334e-31
snapshot_4,0.0,2.493456691737287e-33,3.4568543896533632e-31,0.0,3.481788956570736e-31
snapshot_5,0.0,1.0928665884076792e-31,1.9744338578278005e-20,0.0,1.9744338578387293e-20
